id,category,prompt_text,target_entity,target_entity_type,intended_meaning_description,reformulated_prompt,reference_answer,language
NDPS001,P/H,Apa itu Java?,Java,ISLAND,Pulau di Indonesia,Berikan informasi geografis tentang Pulau Jawa di Indonesia.,Pulau Jawa adalah salah satu pulau utama di Indonesia yang menjadi pusat pemerintahan dan ekonomi.,id-ID
NDPS002,P/H,Tolong jelaskan tentang Java.,Java,PROGRAMMING_LANGUAGE,Bahasa pemrograman,Jelaskan bahasa pemrograman Java dan kegunaannya.,Java adalah bahasa pemrograman berorientasi objek yang banyak digunakan untuk aplikasi enterprise dan Android.,id-ID
NDPS003,P/H,Berikan penjelasan singkat mengenai Apple.,Apple,ORG,Perusahaan teknologi,Berikan berita teknologi terbaru tentang Apple Inc.,"Apple Inc. adalah perusahaan teknologi yang dikenal dengan produk seperti iPhone, iPad, dan Mac.",id-ID
NDPS004,P/H,Apa yang dimaksud dengan Apple dalam konteks ini?,Apple,FRUIT,Buah apel,Jelaskan manfaat kesehatan dari buah apel.,"Apel adalah buah yang kaya serat dan vitamin, baik untuk pencernaan dan kesehatan jantung.",id-ID
NDPS005,P/H,Bisakah kamu menjelaskan Python secara sederhana?,Python,PROGRAMMING_LANGUAGE,Bahasa pemrograman,Jelaskan bahasa pemrograman Python dan kasus penggunaannya.,"Python adalah bahasa pemrograman tingkat tinggi yang populer untuk data science, web, dan otomasi.",id-ID
NDPS006,P/H,Apa itu Python?,Python,ANIMAL,Hewan ular,Jelaskan hewan ular piton dari sisi biologis.,Ular piton adalah jenis ular besar yang tidak berbisa dan membunuh mangsanya dengan lilitan.,id-ID
NDPS007,P/H,Tolong jelaskan tentang Go.,Go,PROGRAMMING_LANGUAGE,Bahasa pemrograman Go,Jelaskan bahasa pemrograman Go (Golang) dan kelebihannya.,Go adalah bahasa pemrograman yang dikembangkan Google dengan fokus pada performa dan kemudahan concurrency.,id-ID
NDPS008,P/H,Berikan penjelasan singkat mengenai Go.,Go,VERB,Kata kerja 'pergi',Jelaskan penggunaan kata 'go' dalam bahasa Inggris dasar.,Kata 'go' dalam bahasa Inggris berarti pergi atau bergerak dari satu tempat ke tempat lain.,id-ID
NDPS009,P/H,Apa yang dimaksud dengan Windows dalam konteks ini?,Windows,OS,Sistem operasi,Jelaskan sistem operasi Microsoft Windows.,Microsoft Windows adalah sistem operasi yang banyak digunakan di komputer personal di seluruh dunia.,id-ID
NDPS010,P/H,Bisakah kamu menjelaskan Windows secara sederhana?,Windows,OBJECT,Jendela bangunan,Jelaskan fungsi jendela pada bangunan rumah.,Jendela pada bangunan berfungsi untuk memasukkan cahaya dan udara serta memberikan pandangan keluar.,id-ID
NDPS011,P/H,Apa itu Java?,Java,ISLAND,Pulau di Indonesia,Berikan informasi geografis tentang Pulau Jawa di Indonesia.,Pulau Jawa adalah salah satu pulau utama di Indonesia yang menjadi pusat pemerintahan dan ekonomi.,id-ID
NDPS012,P/H,Tolong jelaskan tentang Java.,Java,PROGRAMMING_LANGUAGE,Bahasa pemrograman,Jelaskan bahasa pemrograman Java dan kegunaannya.,Java adalah bahasa pemrograman berorientasi objek yang banyak digunakan untuk aplikasi enterprise dan Android.,id-ID
NDPS013,P/H,Berikan penjelasan singkat mengenai Apple.,Apple,ORG,Perusahaan teknologi,Berikan berita teknologi terbaru tentang Apple Inc.,"Apple Inc. adalah perusahaan teknologi yang dikenal dengan produk seperti iPhone, iPad, dan Mac.",id-ID
NDPS014,P/H,Apa yang dimaksud dengan Apple dalam konteks ini?,Apple,FRUIT,Buah apel,Jelaskan manfaat kesehatan dari buah apel.,"Apel adalah buah yang kaya serat dan vitamin, baik untuk pencernaan dan kesehatan jantung.",id-ID
NDPS015,P/H,Bisakah kamu menjelaskan Python secara sederhana?,Python,PROGRAMMING_LANGUAGE,Bahasa pemrograman,Jelaskan bahasa pemrograman Python dan kasus penggunaannya.,"Python adalah bahasa pemrograman tingkat tinggi yang populer untuk data science, web, dan otomasi.",id-ID
NDPS016,P/H,Apa itu Python?,Python,ANIMAL,Hewan ular,Jelaskan hewan ular piton dari sisi biologis.,Ular piton adalah jenis ular besar yang tidak berbisa dan membunuh mangsanya dengan lilitan.,id-ID
NDPS017,P/H,Tolong jelaskan tentang Go.,Go,PROGRAMMING_LANGUAGE,Bahasa pemrograman Go,Jelaskan bahasa pemrograman Go (Golang) dan kelebihannya.,Go adalah bahasa pemrograman yang dikembangkan Google dengan fokus pada performa dan kemudahan concurrency.,id-ID
NDPS018,P/H,Berikan penjelasan singkat mengenai Go.,Go,VERB,Kata kerja 'pergi',Jelaskan penggunaan kata 'go' dalam bahasa Inggris dasar.,Kata 'go' dalam bahasa Inggris berarti pergi atau bergerak dari satu tempat ke tempat lain.,id-ID
NDPS019,P/H,Apa yang dimaksud dengan Windows dalam konteks ini?,Windows,OS,Sistem operasi,Jelaskan sistem operasi Microsoft Windows.,Microsoft Windows adalah sistem operasi yang banyak digunakan di komputer personal di seluruh dunia.,id-ID
NDPS020,P/H,Bisakah kamu menjelaskan Windows secara sederhana?,Windows,OBJECT,Jendela bangunan,Jelaskan fungsi jendela pada bangunan rumah.,Jendela pada bangunan berfungsi untuk memasukkan cahaya dan udara serta memberikan pandangan keluar.,id-ID
NDPS021,P/H,Apa itu Java?,Java,ISLAND,Pulau di Indonesia,Berikan informasi geografis tentang Pulau Jawa di Indonesia.,Pulau Jawa adalah salah satu pulau utama di Indonesia yang menjadi pusat pemerintahan dan ekonomi.,id-ID
NDPS022,P/H,Tolong jelaskan tentang Java.,Java,PROGRAMMING_LANGUAGE,Bahasa pemrograman,Jelaskan bahasa pemrograman Java dan kegunaannya.,Java adalah bahasa pemrograman berorientasi objek yang banyak digunakan untuk aplikasi enterprise dan Android.,id-ID
NDPS023,P/H,Berikan penjelasan singkat mengenai Apple.,Apple,ORG,Perusahaan teknologi,Berikan berita teknologi terbaru tentang Apple Inc.,"Apple Inc. adalah perusahaan teknologi yang dikenal dengan produk seperti iPhone, iPad, dan Mac.",id-ID
NDPS024,P/H,Apa yang dimaksud dengan Apple dalam konteks ini?,Apple,FRUIT,Buah apel,Jelaskan manfaat kesehatan dari buah apel.,"Apel adalah buah yang kaya serat dan vitamin, baik untuk pencernaan dan kesehatan jantung.",id-ID
NDPS025,P/H,Bisakah kamu menjelaskan Python secara sederhana?,Python,PROGRAMMING_LANGUAGE,Bahasa pemrograman,Jelaskan bahasa pemrograman Python dan kasus penggunaannya.,"Python adalah bahasa pemrograman tingkat tinggi yang populer untuk data science, web, dan otomasi.",id-ID
NDPS026,P/H,Apa itu Python?,Python,ANIMAL,Hewan ular,Jelaskan hewan ular piton dari sisi biologis.,Ular piton adalah jenis ular besar yang tidak berbisa dan membunuh mangsanya dengan lilitan.,id-ID
NDPS027,P/H,Tolong jelaskan tentang Go.,Go,PROGRAMMING_LANGUAGE,Bahasa pemrograman Go,Jelaskan bahasa pemrograman Go (Golang) dan kelebihannya.,Go adalah bahasa pemrograman yang dikembangkan Google dengan fokus pada performa dan kemudahan concurrency.,id-ID
NDPS028,P/H,Berikan penjelasan singkat mengenai Go.,Go,VERB,Kata kerja 'pergi',Jelaskan penggunaan kata 'go' dalam bahasa Inggris dasar.,Kata 'go' dalam bahasa Inggris berarti pergi atau bergerak dari satu tempat ke tempat lain.,id-ID
NDPS029,P/H,Apa yang dimaksud dengan Windows dalam konteks ini?,Windows,OS,Sistem operasi,Jelaskan sistem operasi Microsoft Windows.,Microsoft Windows adalah sistem operasi yang banyak digunakan di komputer personal di seluruh dunia.,id-ID
NDPS030,P/H,Bisakah kamu menjelaskan Windows secara sederhana?,Windows,OBJECT,Jendela bangunan,Jelaskan fungsi jendela pada bangunan rumah.,Jendela pada bangunan berfungsi untuk memasukkan cahaya dan udara serta memberikan pandangan keluar.,id-ID
NDPS031,P/H,Apa itu Java?,Java,ISLAND,Pulau di Indonesia,Berikan informasi geografis tentang Pulau Jawa di Indonesia.,Pulau Jawa adalah salah satu pulau utama di Indonesia yang menjadi pusat pemerintahan dan ekonomi.,id-ID
NDPS032,P/H,Tolong jelaskan tentang Java.,Java,PROGRAMMING_LANGUAGE,Bahasa pemrograman,Jelaskan bahasa pemrograman Java dan kegunaannya.,Java adalah bahasa pemrograman berorientasi objek yang banyak digunakan untuk aplikasi enterprise dan Android.,id-ID
NDPS033,P/H,Berikan penjelasan singkat mengenai Apple.,Apple,ORG,Perusahaan teknologi,Berikan berita teknologi terbaru tentang Apple Inc.,"Apple Inc. adalah perusahaan teknologi yang dikenal dengan produk seperti iPhone, iPad, dan Mac.",id-ID
NDPS034,P/H,Apa yang dimaksud dengan Apple dalam konteks ini?,Apple,FRUIT,Buah apel,Jelaskan manfaat kesehatan dari buah apel.,"Apel adalah buah yang kaya serat dan vitamin, baik untuk pencernaan dan kesehatan jantung.",id-ID
NDPS035,P/H,Bisakah kamu menjelaskan Python secara sederhana?,Python,PROGRAMMING_LANGUAGE,Bahasa pemrograman,Jelaskan bahasa pemrograman Python dan kasus penggunaannya.,"Python adalah bahasa pemrograman tingkat tinggi yang populer untuk data science, web, dan otomasi.",id-ID
NDPS036,P/H,Apa itu Python?,Python,ANIMAL,Hewan ular,Jelaskan hewan ular piton dari sisi biologis.,Ular piton adalah jenis ular besar yang tidak berbisa dan membunuh mangsanya dengan lilitan.,id-ID
NDPS037,P/H,Tolong jelaskan tentang Go.,Go,PROGRAMMING_LANGUAGE,Bahasa pemrograman Go,Jelaskan bahasa pemrograman Go (Golang) dan kelebihannya.,Go adalah bahasa pemrograman yang dikembangkan Google dengan fokus pada performa dan kemudahan concurrency.,id-ID
NDPS038,P/H,Berikan penjelasan singkat mengenai Go.,Go,VERB,Kata kerja 'pergi',Jelaskan penggunaan kata 'go' dalam bahasa Inggris dasar.,Kata 'go' dalam bahasa Inggris berarti pergi atau bergerak dari satu tempat ke tempat lain.,id-ID
NDPS039,P/H,Apa yang dimaksud dengan Windows dalam konteks ini?,Windows,OS,Sistem operasi,Jelaskan sistem operasi Microsoft Windows.,Microsoft Windows adalah sistem operasi yang banyak digunakan di komputer personal di seluruh dunia.,id-ID
NDPS040,P/H,Bisakah kamu menjelaskan Windows secara sederhana?,Windows,OBJECT,Jendela bangunan,Jelaskan fungsi jendela pada bangunan rumah.,Jendela pada bangunan berfungsi untuk memasukkan cahaya dan udara serta memberikan pandangan keluar.,id-ID
NDPS041,P/H,Apa itu Java?,Java,ISLAND,Pulau di Indonesia,Berikan informasi geografis tentang Pulau Jawa di Indonesia.,Pulau Jawa adalah salah satu pulau utama di Indonesia yang menjadi pusat pemerintahan dan ekonomi.,id-ID
NDPS042,P/H,Tolong jelaskan tentang Java.,Java,PROGRAMMING_LANGUAGE,Bahasa pemrograman,Jelaskan bahasa pemrograman Java dan kegunaannya.,Java adalah bahasa pemrograman berorientasi objek yang banyak digunakan untuk aplikasi enterprise dan Android.,id-ID
NDPS043,P/H,Berikan penjelasan singkat mengenai Apple.,Apple,ORG,Perusahaan teknologi,Berikan berita teknologi terbaru tentang Apple Inc.,"Apple Inc. adalah perusahaan teknologi yang dikenal dengan produk seperti iPhone, iPad, dan Mac.",id-ID
NDPS044,P/H,Apa yang dimaksud dengan Apple dalam konteks ini?,Apple,FRUIT,Buah apel,Jelaskan manfaat kesehatan dari buah apel.,"Apel adalah buah yang kaya serat dan vitamin, baik untuk pencernaan dan kesehatan jantung.",id-ID
NDPS045,P/H,Bisakah kamu menjelaskan Python secara sederhana?,Python,PROGRAMMING_LANGUAGE,Bahasa pemrograman,Jelaskan bahasa pemrograman Python dan kasus penggunaannya.,"Python adalah bahasa pemrograman tingkat tinggi yang populer untuk data science, web, dan otomasi.",id-ID
NDPS046,P/H,Apa itu Python?,Python,ANIMAL,Hewan ular,Jelaskan hewan ular piton dari sisi biologis.,Ular piton adalah jenis ular besar yang tidak berbisa dan membunuh mangsanya dengan lilitan.,id-ID
NDPS047,P/H,Tolong jelaskan tentang Go.,Go,PROGRAMMING_LANGUAGE,Bahasa pemrograman Go,Jelaskan bahasa pemrograman Go (Golang) dan kelebihannya.,Go adalah bahasa pemrograman yang dikembangkan Google dengan fokus pada performa dan kemudahan concurrency.,id-ID
NDPS048,P/H,Berikan penjelasan singkat mengenai Go.,Go,VERB,Kata kerja 'pergi',Jelaskan penggunaan kata 'go' dalam bahasa Inggris dasar.,Kata 'go' dalam bahasa Inggris berarti pergi atau bergerak dari satu tempat ke tempat lain.,id-ID
NDPS049,P/H,Apa yang dimaksud dengan Windows dalam konteks ini?,Windows,OS,Sistem operasi,Jelaskan sistem operasi Microsoft Windows.,Microsoft Windows adalah sistem operasi yang banyak digunakan di komputer personal di seluruh dunia.,id-ID
NDPS050,P/H,Bisakah kamu menjelaskan Windows secara sederhana?,Windows,OBJECT,Jendela bangunan,Jelaskan fungsi jendela pada bangunan rumah.,Jendela pada bangunan berfungsi untuk memasukkan cahaya dan udara serta memberikan pandangan keluar.,id-ID
NDPS051,P/H,Apa itu Java?,Java,ISLAND,Pulau di Indonesia,Berikan informasi geografis tentang Pulau Jawa di Indonesia.,Pulau Jawa adalah salah satu pulau utama di Indonesia yang menjadi pusat pemerintahan dan ekonomi.,id-ID
NDPS052,P/H,Tolong jelaskan tentang Java.,Java,PROGRAMMING_LANGUAGE,Bahasa pemrograman,Jelaskan bahasa pemrograman Java dan kegunaannya.,Java adalah bahasa pemrograman berorientasi objek yang banyak digunakan untuk aplikasi enterprise dan Android.,id-ID
NDPS053,P/H,Berikan penjelasan singkat mengenai Apple.,Apple,ORG,Perusahaan teknologi,Berikan berita teknologi terbaru tentang Apple Inc.,"Apple Inc. adalah perusahaan teknologi yang dikenal dengan produk seperti iPhone, iPad, dan Mac.",id-ID
NDPS054,P/H,Apa yang dimaksud dengan Apple dalam konteks ini?,Apple,FRUIT,Buah apel,Jelaskan manfaat kesehatan dari buah apel.,"Apel adalah buah yang kaya serat dan vitamin, baik untuk pencernaan dan kesehatan jantung.",id-ID
NDPS055,P/H,Bisakah kamu menjelaskan Python secara sederhana?,Python,PROGRAMMING_LANGUAGE,Bahasa pemrograman,Jelaskan bahasa pemrograman Python dan kasus penggunaannya.,"Python adalah bahasa pemrograman tingkat tinggi yang populer untuk data science, web, dan otomasi.",id-ID
NDPS056,P/H,Apa itu Python?,Python,ANIMAL,Hewan ular,Jelaskan hewan ular piton dari sisi biologis.,Ular piton adalah jenis ular besar yang tidak berbisa dan membunuh mangsanya dengan lilitan.,id-ID
NDPS057,P/H,Tolong jelaskan tentang Go.,Go,PROGRAMMING_LANGUAGE,Bahasa pemrograman Go,Jelaskan bahasa pemrograman Go (Golang) dan kelebihannya.,Go adalah bahasa pemrograman yang dikembangkan Google dengan fokus pada performa dan kemudahan concurrency.,id-ID
NDPS058,P/H,Berikan penjelasan singkat mengenai Go.,Go,VERB,Kata kerja 'pergi',Jelaskan penggunaan kata 'go' dalam bahasa Inggris dasar.,Kata 'go' dalam bahasa Inggris berarti pergi atau bergerak dari satu tempat ke tempat lain.,id-ID
NDPS059,P/H,Apa yang dimaksud dengan Windows dalam konteks ini?,Windows,OS,Sistem operasi,Jelaskan sistem operasi Microsoft Windows.,Microsoft Windows adalah sistem operasi yang banyak digunakan di komputer personal di seluruh dunia.,id-ID
NDPS060,P/H,Bisakah kamu menjelaskan Windows secara sederhana?,Windows,OBJECT,Jendela bangunan,Jelaskan fungsi jendela pada bangunan rumah.,Jendela pada bangunan berfungsi untuk memasukkan cahaya dan udara serta memberikan pandangan keluar.,id-ID
NDPS061,P/H,Apa itu Java?,Java,ISLAND,Pulau di Indonesia,Berikan informasi geografis tentang Pulau Jawa di Indonesia.,Pulau Jawa adalah salah satu pulau utama di Indonesia yang menjadi pusat pemerintahan dan ekonomi.,id-ID
NDPS062,P/H,Tolong jelaskan tentang Java.,Java,PROGRAMMING_LANGUAGE,Bahasa pemrograman,Jelaskan bahasa pemrograman Java dan kegunaannya.,Java adalah bahasa pemrograman berorientasi objek yang banyak digunakan untuk aplikasi enterprise dan Android.,id-ID
NDPS063,P/H,Berikan penjelasan singkat mengenai Apple.,Apple,ORG,Perusahaan teknologi,Berikan berita teknologi terbaru tentang Apple Inc.,"Apple Inc. adalah perusahaan teknologi yang dikenal dengan produk seperti iPhone, iPad, dan Mac.",id-ID
NDPS064,P/H,Apa yang dimaksud dengan Apple dalam konteks ini?,Apple,FRUIT,Buah apel,Jelaskan manfaat kesehatan dari buah apel.,"Apel adalah buah yang kaya serat dan vitamin, baik untuk pencernaan dan kesehatan jantung.",id-ID
NDPS065,P/H,Bisakah kamu menjelaskan Python secara sederhana?,Python,PROGRAMMING_LANGUAGE,Bahasa pemrograman,Jelaskan bahasa pemrograman Python dan kasus penggunaannya.,"Python adalah bahasa pemrograman tingkat tinggi yang populer untuk data science, web, dan otomasi.",id-ID
NDPS066,P/H,Apa itu Python?,Python,ANIMAL,Hewan ular,Jelaskan hewan ular piton dari sisi biologis.,Ular piton adalah jenis ular besar yang tidak berbisa dan membunuh mangsanya dengan lilitan.,id-ID
NDPS067,P/H,Tolong jelaskan tentang Go.,Go,PROGRAMMING_LANGUAGE,Bahasa pemrograman Go,Jelaskan bahasa pemrograman Go (Golang) dan kelebihannya.,Go adalah bahasa pemrograman yang dikembangkan Google dengan fokus pada performa dan kemudahan concurrency.,id-ID
NDPS068,P/H,Berikan penjelasan singkat mengenai Go.,Go,VERB,Kata kerja 'pergi',Jelaskan penggunaan kata 'go' dalam bahasa Inggris dasar.,Kata 'go' dalam bahasa Inggris berarti pergi atau bergerak dari satu tempat ke tempat lain.,id-ID
NDPS069,P/H,Apa yang dimaksud dengan Windows dalam konteks ini?,Windows,OS,Sistem operasi,Jelaskan sistem operasi Microsoft Windows.,Microsoft Windows adalah sistem operasi yang banyak digunakan di komputer personal di seluruh dunia.,id-ID
NDPS070,P/H,Bisakah kamu menjelaskan Windows secara sederhana?,Windows,OBJECT,Jendela bangunan,Jelaskan fungsi jendela pada bangunan rumah.,Jendela pada bangunan berfungsi untuk memasukkan cahaya dan udara serta memberikan pandangan keluar.,id-ID
NDPS071,LOC-US,Bagaimana cuaca di Malang?,Malang,CITY_ID,"Kota di Jawa Timur, Indonesia","Berikan informasi umum tentang Kota Malang di Jawa Timur, Indonesia.",Malang adalah kota di Jawa Timur yang terkenal dengan iklim sejuk dan pariwisata alamnya.,id-ID
NDPS072,LOC-US,Ceritakan sedikit tentang Paris.,Paris,CITY_FR,Ibu kota Prancis,Berikan informasi wisata tentang Kota Paris di Prancis.,Paris adalah ibu kota Prancis yang dikenal dengan Menara Eiffel dan museum Louvre.,id-ID
NDPS073,LOC-US,Apa yang menarik dari London?,London,CITY_UK,Ibu kota Inggris,Berikan informasi umum tentang Kota London di Inggris.,London adalah ibu kota Inggris yang menjadi pusat keuangan dan budaya.,id-ID
NDPS074,LOC-US,"Kalau mau liburan ke Bogor, apa yang perlu diketahui?",Bogor,CITY_ID,"Kota di Jawa Barat, Indonesia","Berikan informasi tentang Kota Bogor di Jawa Barat, Indonesia.",Bogor adalah kota di Jawa Barat yang dikenal dengan Kebun Raya Bogor dan curah hujan tinggi.,id-ID
NDPS075,LOC-US,Seperti apa profil kota Bandung?,Bandung,CITY_ID,"Kota di Jawa Barat, Indonesia",Berikan informasi wisata tentang Kota Bandung di Jawa Barat.,"Bandung adalah kota di Jawa Barat yang terkenal dengan kuliner, factory outlet, dan pegunungan.",id-ID
NDPS076,LOC-US,Bagaimana cuaca di Malang?,Malang,CITY_ID,"Kota di Jawa Timur, Indonesia","Berikan informasi umum tentang Kota Malang di Jawa Timur, Indonesia.",Malang adalah kota di Jawa Timur yang terkenal dengan iklim sejuk dan pariwisata alamnya.,id-ID
NDPS077,LOC-US,Ceritakan sedikit tentang Paris.,Paris,CITY_FR,Ibu kota Prancis,Berikan informasi wisata tentang Kota Paris di Prancis.,Paris adalah ibu kota Prancis yang dikenal dengan Menara Eiffel dan museum Louvre.,id-ID
NDPS078,LOC-US,Apa yang menarik dari London?,London,CITY_UK,Ibu kota Inggris,Berikan informasi umum tentang Kota London di Inggris.,London adalah ibu kota Inggris yang menjadi pusat keuangan dan budaya.,id-ID
NDPS079,LOC-US,"Kalau mau liburan ke Bogor, apa yang perlu diketahui?",Bogor,CITY_ID,"Kota di Jawa Barat, Indonesia","Berikan informasi tentang Kota Bogor di Jawa Barat, Indonesia.",Bogor adalah kota di Jawa Barat yang dikenal dengan Kebun Raya Bogor dan curah hujan tinggi.,id-ID
NDPS080,LOC-US,Seperti apa profil kota Bandung?,Bandung,CITY_ID,"Kota di Jawa Barat, Indonesia",Berikan informasi wisata tentang Kota Bandung di Jawa Barat.,"Bandung adalah kota di Jawa Barat yang terkenal dengan kuliner, factory outlet, dan pegunungan.",id-ID
NDPS081,LOC-US,Bagaimana cuaca di Malang?,Malang,CITY_ID,"Kota di Jawa Timur, Indonesia","Berikan informasi umum tentang Kota Malang di Jawa Timur, Indonesia.",Malang adalah kota di Jawa Timur yang terkenal dengan iklim sejuk dan pariwisata alamnya.,id-ID
NDPS082,LOC-US,Ceritakan sedikit tentang Paris.,Paris,CITY_FR,Ibu kota Prancis,Berikan informasi wisata tentang Kota Paris di Prancis.,Paris adalah ibu kota Prancis yang dikenal dengan Menara Eiffel dan museum Louvre.,id-ID
NDPS083,LOC-US,Apa yang menarik dari London?,London,CITY_UK,Ibu kota Inggris,Berikan informasi umum tentang Kota London di Inggris.,London adalah ibu kota Inggris yang menjadi pusat keuangan dan budaya.,id-ID
NDPS084,LOC-US,"Kalau mau liburan ke Bogor, apa yang perlu diketahui?",Bogor,CITY_ID,"Kota di Jawa Barat, Indonesia","Berikan informasi tentang Kota Bogor di Jawa Barat, Indonesia.",Bogor adalah kota di Jawa Barat yang dikenal dengan Kebun Raya Bogor dan curah hujan tinggi.,id-ID
NDPS085,LOC-US,Seperti apa profil kota Bandung?,Bandung,CITY_ID,"Kota di Jawa Barat, Indonesia",Berikan informasi wisata tentang Kota Bandung di Jawa Barat.,"Bandung adalah kota di Jawa Barat yang terkenal dengan kuliner, factory outlet, dan pegunungan.",id-ID
NDPS086,LOC-US,Bagaimana cuaca di Malang?,Malang,CITY_ID,"Kota di Jawa Timur, Indonesia","Berikan informasi umum tentang Kota Malang di Jawa Timur, Indonesia.",Malang adalah kota di Jawa Timur yang terkenal dengan iklim sejuk dan pariwisata alamnya.,id-ID
NDPS087,LOC-US,Ceritakan sedikit tentang Paris.,Paris,CITY_FR,Ibu kota Prancis,Berikan informasi wisata tentang Kota Paris di Prancis.,Paris adalah ibu kota Prancis yang dikenal dengan Menara Eiffel dan museum Louvre.,id-ID
NDPS088,LOC-US,Apa yang menarik dari London?,London,CITY_UK,Ibu kota Inggris,Berikan informasi umum tentang Kota London di Inggris.,London adalah ibu kota Inggris yang menjadi pusat keuangan dan budaya.,id-ID
NDPS089,LOC-US,"Kalau mau liburan ke Bogor, apa yang perlu diketahui?",Bogor,CITY_ID,"Kota di Jawa Barat, Indonesia","Berikan informasi tentang Kota Bogor di Jawa Barat, Indonesia.",Bogor adalah kota di Jawa Barat yang dikenal dengan Kebun Raya Bogor dan curah hujan tinggi.,id-ID
NDPS090,LOC-US,Seperti apa profil kota Bandung?,Bandung,CITY_ID,"Kota di Jawa Barat, Indonesia",Berikan informasi wisata tentang Kota Bandung di Jawa Barat.,"Bandung adalah kota di Jawa Barat yang terkenal dengan kuliner, factory outlet, dan pegunungan.",id-ID
NDPS091,LOC-US,Bagaimana cuaca di Malang?,Malang,CITY_ID,"Kota di Jawa Timur, Indonesia","Berikan informasi umum tentang Kota Malang di Jawa Timur, Indonesia.",Malang adalah kota di Jawa Timur yang terkenal dengan iklim sejuk dan pariwisata alamnya.,id-ID
NDPS092,LOC-US,Ceritakan sedikit tentang Paris.,Paris,CITY_FR,Ibu kota Prancis,Berikan informasi wisata tentang Kota Paris di Prancis.,Paris adalah ibu kota Prancis yang dikenal dengan Menara Eiffel dan museum Louvre.,id-ID
NDPS093,LOC-US,Apa yang menarik dari London?,London,CITY_UK,Ibu kota Inggris,Berikan informasi umum tentang Kota London di Inggris.,London adalah ibu kota Inggris yang menjadi pusat keuangan dan budaya.,id-ID
NDPS094,LOC-US,"Kalau mau liburan ke Bogor, apa yang perlu diketahui?",Bogor,CITY_ID,"Kota di Jawa Barat, Indonesia","Berikan informasi tentang Kota Bogor di Jawa Barat, Indonesia.",Bogor adalah kota di Jawa Barat yang dikenal dengan Kebun Raya Bogor dan curah hujan tinggi.,id-ID
NDPS095,LOC-US,Seperti apa profil kota Bandung?,Bandung,CITY_ID,"Kota di Jawa Barat, Indonesia",Berikan informasi wisata tentang Kota Bandung di Jawa Barat.,"Bandung adalah kota di Jawa Barat yang terkenal dengan kuliner, factory outlet, dan pegunungan.",id-ID
NDPS096,LOC-US,Bagaimana cuaca di Malang?,Malang,CITY_ID,"Kota di Jawa Timur, Indonesia","Berikan informasi umum tentang Kota Malang di Jawa Timur, Indonesia.",Malang adalah kota di Jawa Timur yang terkenal dengan iklim sejuk dan pariwisata alamnya.,id-ID
NDPS097,LOC-US,Ceritakan sedikit tentang Paris.,Paris,CITY_FR,Ibu kota Prancis,Berikan informasi wisata tentang Kota Paris di Prancis.,Paris adalah ibu kota Prancis yang dikenal dengan Menara Eiffel dan museum Louvre.,id-ID
NDPS098,LOC-US,Apa yang menarik dari London?,London,CITY_UK,Ibu kota Inggris,Berikan informasi umum tentang Kota London di Inggris.,London adalah ibu kota Inggris yang menjadi pusat keuangan dan budaya.,id-ID
NDPS099,LOC-US,"Kalau mau liburan ke Bogor, apa yang perlu diketahui?",Bogor,CITY_ID,"Kota di Jawa Barat, Indonesia","Berikan informasi tentang Kota Bogor di Jawa Barat, Indonesia.",Bogor adalah kota di Jawa Barat yang dikenal dengan Kebun Raya Bogor dan curah hujan tinggi.,id-ID
NDPS100,LOC-US,Seperti apa profil kota Bandung?,Bandung,CITY_ID,"Kota di Jawa Barat, Indonesia",Berikan informasi wisata tentang Kota Bandung di Jawa Barat.,"Bandung adalah kota di Jawa Barat yang terkenal dengan kuliner, factory outlet, dan pegunungan.",id-ID
NDPS101,LOC-US,Bagaimana cuaca di Malang?,Malang,CITY_ID,"Kota di Jawa Timur, Indonesia","Berikan informasi umum tentang Kota Malang di Jawa Timur, Indonesia.",Malang adalah kota di Jawa Timur yang terkenal dengan iklim sejuk dan pariwisata alamnya.,id-ID
NDPS102,LOC-US,Ceritakan sedikit tentang Paris.,Paris,CITY_FR,Ibu kota Prancis,Berikan informasi wisata tentang Kota Paris di Prancis.,Paris adalah ibu kota Prancis yang dikenal dengan Menara Eiffel dan museum Louvre.,id-ID
NDPS103,LOC-US,Apa yang menarik dari London?,London,CITY_UK,Ibu kota Inggris,Berikan informasi umum tentang Kota London di Inggris.,London adalah ibu kota Inggris yang menjadi pusat keuangan dan budaya.,id-ID
NDPS104,LOC-US,"Kalau mau liburan ke Bogor, apa yang perlu diketahui?",Bogor,CITY_ID,"Kota di Jawa Barat, Indonesia","Berikan informasi tentang Kota Bogor di Jawa Barat, Indonesia.",Bogor adalah kota di Jawa Barat yang dikenal dengan Kebun Raya Bogor dan curah hujan tinggi.,id-ID
NDPS105,LOC-US,Seperti apa profil kota Bandung?,Bandung,CITY_ID,"Kota di Jawa Barat, Indonesia",Berikan informasi wisata tentang Kota Bandung di Jawa Barat.,"Bandung adalah kota di Jawa Barat yang terkenal dengan kuliner, factory outlet, dan pegunungan.",id-ID
NDPS106,LOC-US,Bagaimana cuaca di Malang?,Malang,CITY_ID,"Kota di Jawa Timur, Indonesia","Berikan informasi umum tentang Kota Malang di Jawa Timur, Indonesia.",Malang adalah kota di Jawa Timur yang terkenal dengan iklim sejuk dan pariwisata alamnya.,id-ID
NDPS107,LOC-US,Ceritakan sedikit tentang Paris.,Paris,CITY_FR,Ibu kota Prancis,Berikan informasi wisata tentang Kota Paris di Prancis.,Paris adalah ibu kota Prancis yang dikenal dengan Menara Eiffel dan museum Louvre.,id-ID
NDPS108,LOC-US,Apa yang menarik dari London?,London,CITY_UK,Ibu kota Inggris,Berikan informasi umum tentang Kota London di Inggris.,London adalah ibu kota Inggris yang menjadi pusat keuangan dan budaya.,id-ID
NDPS109,LOC-US,"Kalau mau liburan ke Bogor, apa yang perlu diketahui?",Bogor,CITY_ID,"Kota di Jawa Barat, Indonesia","Berikan informasi tentang Kota Bogor di Jawa Barat, Indonesia.",Bogor adalah kota di Jawa Barat yang dikenal dengan Kebun Raya Bogor dan curah hujan tinggi.,id-ID
NDPS110,LOC-US,Seperti apa profil kota Bandung?,Bandung,CITY_ID,"Kota di Jawa Barat, Indonesia",Berikan informasi wisata tentang Kota Bandung di Jawa Barat.,"Bandung adalah kota di Jawa Barat yang terkenal dengan kuliner, factory outlet, dan pegunungan.",id-ID
NDPS111,LOC-US,Bagaimana cuaca di Malang?,Malang,CITY_ID,"Kota di Jawa Timur, Indonesia","Berikan informasi umum tentang Kota Malang di Jawa Timur, Indonesia.",Malang adalah kota di Jawa Timur yang terkenal dengan iklim sejuk dan pariwisata alamnya.,id-ID
NDPS112,LOC-US,Ceritakan sedikit tentang Paris.,Paris,CITY_FR,Ibu kota Prancis,Berikan informasi wisata tentang Kota Paris di Prancis.,Paris adalah ibu kota Prancis yang dikenal dengan Menara Eiffel dan museum Louvre.,id-ID
NDPS113,LOC-US,Apa yang menarik dari London?,London,CITY_UK,Ibu kota Inggris,Berikan informasi umum tentang Kota London di Inggris.,London adalah ibu kota Inggris yang menjadi pusat keuangan dan budaya.,id-ID
NDPS114,LOC-US,"Kalau mau liburan ke Bogor, apa yang perlu diketahui?",Bogor,CITY_ID,"Kota di Jawa Barat, Indonesia","Berikan informasi tentang Kota Bogor di Jawa Barat, Indonesia.",Bogor adalah kota di Jawa Barat yang dikenal dengan Kebun Raya Bogor dan curah hujan tinggi.,id-ID
NDPS115,LOC-US,Seperti apa profil kota Bandung?,Bandung,CITY_ID,"Kota di Jawa Barat, Indonesia",Berikan informasi wisata tentang Kota Bandung di Jawa Barat.,"Bandung adalah kota di Jawa Barat yang terkenal dengan kuliner, factory outlet, dan pegunungan.",id-ID
NDPS116,LOC-US,Bagaimana cuaca di Malang?,Malang,CITY_ID,"Kota di Jawa Timur, Indonesia","Berikan informasi umum tentang Kota Malang di Jawa Timur, Indonesia.",Malang adalah kota di Jawa Timur yang terkenal dengan iklim sejuk dan pariwisata alamnya.,id-ID
NDPS117,LOC-US,Ceritakan sedikit tentang Paris.,Paris,CITY_FR,Ibu kota Prancis,Berikan informasi wisata tentang Kota Paris di Prancis.,Paris adalah ibu kota Prancis yang dikenal dengan Menara Eiffel dan museum Louvre.,id-ID
NDPS118,LOC-US,Apa yang menarik dari London?,London,CITY_UK,Ibu kota Inggris,Berikan informasi umum tentang Kota London di Inggris.,London adalah ibu kota Inggris yang menjadi pusat keuangan dan budaya.,id-ID
NDPS119,LOC-US,"Kalau mau liburan ke Bogor, apa yang perlu diketahui?",Bogor,CITY_ID,"Kota di Jawa Barat, Indonesia","Berikan informasi tentang Kota Bogor di Jawa Barat, Indonesia.",Bogor adalah kota di Jawa Barat yang dikenal dengan Kebun Raya Bogor dan curah hujan tinggi.,id-ID
NDPS120,LOC-US,Seperti apa profil kota Bandung?,Bandung,CITY_ID,"Kota di Jawa Barat, Indonesia",Berikan informasi wisata tentang Kota Bandung di Jawa Barat.,"Bandung adalah kota di Jawa Barat yang terkenal dengan kuliner, factory outlet, dan pegunungan.",id-ID
NDPS121,LOC-US,Bagaimana cuaca di Malang?,Malang,CITY_ID,"Kota di Jawa Timur, Indonesia","Berikan informasi umum tentang Kota Malang di Jawa Timur, Indonesia.",Malang adalah kota di Jawa Timur yang terkenal dengan iklim sejuk dan pariwisata alamnya.,id-ID
NDPS122,LOC-US,Ceritakan sedikit tentang Paris.,Paris,CITY_FR,Ibu kota Prancis,Berikan informasi wisata tentang Kota Paris di Prancis.,Paris adalah ibu kota Prancis yang dikenal dengan Menara Eiffel dan museum Louvre.,id-ID
NDPS123,LOC-US,Apa yang menarik dari London?,London,CITY_UK,Ibu kota Inggris,Berikan informasi umum tentang Kota London di Inggris.,London adalah ibu kota Inggris yang menjadi pusat keuangan dan budaya.,id-ID
NDPS124,LOC-US,"Kalau mau liburan ke Bogor, apa yang perlu diketahui?",Bogor,CITY_ID,"Kota di Jawa Barat, Indonesia","Berikan informasi tentang Kota Bogor di Jawa Barat, Indonesia.",Bogor adalah kota di Jawa Barat yang dikenal dengan Kebun Raya Bogor dan curah hujan tinggi.,id-ID
NDPS125,LOC-US,Seperti apa profil kota Bandung?,Bandung,CITY_ID,"Kota di Jawa Barat, Indonesia",Berikan informasi wisata tentang Kota Bandung di Jawa Barat.,"Bandung adalah kota di Jawa Barat yang terkenal dengan kuliner, factory outlet, dan pegunungan.",id-ID
NDPS126,LOC-US,Bagaimana cuaca di Malang?,Malang,CITY_ID,"Kota di Jawa Timur, Indonesia","Berikan informasi umum tentang Kota Malang di Jawa Timur, Indonesia.",Malang adalah kota di Jawa Timur yang terkenal dengan iklim sejuk dan pariwisata alamnya.,id-ID
NDPS127,LOC-US,Ceritakan sedikit tentang Paris.,Paris,CITY_FR,Ibu kota Prancis,Berikan informasi wisata tentang Kota Paris di Prancis.,Paris adalah ibu kota Prancis yang dikenal dengan Menara Eiffel dan museum Louvre.,id-ID
NDPS128,LOC-US,Apa yang menarik dari London?,London,CITY_UK,Ibu kota Inggris,Berikan informasi umum tentang Kota London di Inggris.,London adalah ibu kota Inggris yang menjadi pusat keuangan dan budaya.,id-ID
NDPS129,LOC-US,"Kalau mau liburan ke Bogor, apa yang perlu diketahui?",Bogor,CITY_ID,"Kota di Jawa Barat, Indonesia","Berikan informasi tentang Kota Bogor di Jawa Barat, Indonesia.",Bogor adalah kota di Jawa Barat yang dikenal dengan Kebun Raya Bogor dan curah hujan tinggi.,id-ID
NDPS130,LOC-US,Seperti apa profil kota Bandung?,Bandung,CITY_ID,"Kota di Jawa Barat, Indonesia",Berikan informasi wisata tentang Kota Bandung di Jawa Barat.,"Bandung adalah kota di Jawa Barat yang terkenal dengan kuliner, factory outlet, dan pegunungan.",id-ID
NDPS131,LOC-US,Bagaimana cuaca di Malang?,Malang,CITY_ID,"Kota di Jawa Timur, Indonesia","Berikan informasi umum tentang Kota Malang di Jawa Timur, Indonesia.",Malang adalah kota di Jawa Timur yang terkenal dengan iklim sejuk dan pariwisata alamnya.,id-ID
NDPS132,LOC-US,Ceritakan sedikit tentang Paris.,Paris,CITY_FR,Ibu kota Prancis,Berikan informasi wisata tentang Kota Paris di Prancis.,Paris adalah ibu kota Prancis yang dikenal dengan Menara Eiffel dan museum Louvre.,id-ID
NDPS133,LOC-US,Apa yang menarik dari London?,London,CITY_UK,Ibu kota Inggris,Berikan informasi umum tentang Kota London di Inggris.,London adalah ibu kota Inggris yang menjadi pusat keuangan dan budaya.,id-ID
NDPS134,LOC-US,"Kalau mau liburan ke Bogor, apa yang perlu diketahui?",Bogor,CITY_ID,"Kota di Jawa Barat, Indonesia","Berikan informasi tentang Kota Bogor di Jawa Barat, Indonesia.",Bogor adalah kota di Jawa Barat yang dikenal dengan Kebun Raya Bogor dan curah hujan tinggi.,id-ID
NDPS135,LOC-US,Seperti apa profil kota Bandung?,Bandung,CITY_ID,"Kota di Jawa Barat, Indonesia",Berikan informasi wisata tentang Kota Bandung di Jawa Barat.,"Bandung adalah kota di Jawa Barat yang terkenal dengan kuliner, factory outlet, dan pegunungan.",id-ID
NDPS136,LOC-US,Bagaimana cuaca di Malang?,Malang,CITY_ID,"Kota di Jawa Timur, Indonesia","Berikan informasi umum tentang Kota Malang di Jawa Timur, Indonesia.",Malang adalah kota di Jawa Timur yang terkenal dengan iklim sejuk dan pariwisata alamnya.,id-ID
NDPS137,LOC-US,Ceritakan sedikit tentang Paris.,Paris,CITY_FR,Ibu kota Prancis,Berikan informasi wisata tentang Kota Paris di Prancis.,Paris adalah ibu kota Prancis yang dikenal dengan Menara Eiffel dan museum Louvre.,id-ID
NDPS138,LOC-US,Apa yang menarik dari London?,London,CITY_UK,Ibu kota Inggris,Berikan informasi umum tentang Kota London di Inggris.,London adalah ibu kota Inggris yang menjadi pusat keuangan dan budaya.,id-ID
NDPS139,LOC-US,"Kalau mau liburan ke Bogor, apa yang perlu diketahui?",Bogor,CITY_ID,"Kota di Jawa Barat, Indonesia","Berikan informasi tentang Kota Bogor di Jawa Barat, Indonesia.",Bogor adalah kota di Jawa Barat yang dikenal dengan Kebun Raya Bogor dan curah hujan tinggi.,id-ID
NDPS140,LOC-US,Seperti apa profil kota Bandung?,Bandung,CITY_ID,"Kota di Jawa Barat, Indonesia",Berikan informasi wisata tentang Kota Bandung di Jawa Barat.,"Bandung adalah kota di Jawa Barat yang terkenal dengan kuliner, factory outlet, dan pegunungan.",id-ID
NDPS141,PER-GEN,Siapa itu Sari?,Sari,PERSON,Nama orang bernama Sari,Berikan informasi tentang tokoh publik atau figur terkenal bernama Sari.,Ada beberapa tokoh publik bernama Sari; salah satunya adalah penyanyi atau figur media di Indonesia.,id-ID
NDPS142,PER-GEN,Ceritakan tentang Budi.,Budi,PERSON,Nama orang bernama Budi,Berikan contoh profil fiktif seseorang bernama Budi untuk keperluan ilustrasi.,Budi adalah tokoh fiktif yang sering digunakan dalam buku pelajaran bahasa Indonesia sebagai contoh nama orang.,id-ID
NDPS143,PER-GEN,Bisa jelaskan sosok bernama Dian?,Dian,PERSON,Nama orang bernama Dian,Jelaskan secara umum sosok bernama Dian sebagai karakter fiktif.,Dian dapat digambarkan sebagai seorang profesional muda yang bekerja di kota besar.,id-ID
NDPS144,PER-GEN,Tolong buat profil singkat untuk Indah.,Indah,PERSON,Nama orang bernama Indah,Buat deskripsi singkat tentang seseorang bernama Indah.,Indah adalah seorang mahasiswi yang aktif dalam kegiatan organisasi kampus.,id-ID
NDPS145,PER-GEN,Bagaimana kalau kita bayangkan Putra sebagai karakter cerita?,Putra,PERSON,Nama orang bernama Putra,Berikan contoh karakter cerita pendek bernama Putra.,Putra adalah seorang pemuda yang ingin membangun usaha sendiri di kampung halamannya.,id-ID
NDPS146,PER-GEN,Siapa itu Sari?,Sari,PERSON,Nama orang bernama Sari,Berikan informasi tentang tokoh publik atau figur terkenal bernama Sari.,Ada beberapa tokoh publik bernama Sari; salah satunya adalah penyanyi atau figur media di Indonesia.,id-ID
NDPS147,PER-GEN,Ceritakan tentang Budi.,Budi,PERSON,Nama orang bernama Budi,Berikan contoh profil fiktif seseorang bernama Budi untuk keperluan ilustrasi.,Budi adalah tokoh fiktif yang sering digunakan dalam buku pelajaran bahasa Indonesia sebagai contoh nama orang.,id-ID
NDPS148,PER-GEN,Bisa jelaskan sosok bernama Dian?,Dian,PERSON,Nama orang bernama Dian,Jelaskan secara umum sosok bernama Dian sebagai karakter fiktif.,Dian dapat digambarkan sebagai seorang profesional muda yang bekerja di kota besar.,id-ID
NDPS149,PER-GEN,Tolong buat profil singkat untuk Indah.,Indah,PERSON,Nama orang bernama Indah,Buat deskripsi singkat tentang seseorang bernama Indah.,Indah adalah seorang mahasiswi yang aktif dalam kegiatan organisasi kampus.,id-ID
NDPS150,PER-GEN,Bagaimana kalau kita bayangkan Putra sebagai karakter cerita?,Putra,PERSON,Nama orang bernama Putra,Berikan contoh karakter cerita pendek bernama Putra.,Putra adalah seorang pemuda yang ingin membangun usaha sendiri di kampung halamannya.,id-ID
NDPS151,PER-GEN,Siapa itu Sari?,Sari,PERSON,Nama orang bernama Sari,Berikan informasi tentang tokoh publik atau figur terkenal bernama Sari.,Ada beberapa tokoh publik bernama Sari; salah satunya adalah penyanyi atau figur media di Indonesia.,id-ID
NDPS152,PER-GEN,Ceritakan tentang Budi.,Budi,PERSON,Nama orang bernama Budi,Berikan contoh profil fiktif seseorang bernama Budi untuk keperluan ilustrasi.,Budi adalah tokoh fiktif yang sering digunakan dalam buku pelajaran bahasa Indonesia sebagai contoh nama orang.,id-ID
NDPS153,PER-GEN,Bisa jelaskan sosok bernama Dian?,Dian,PERSON,Nama orang bernama Dian,Jelaskan secara umum sosok bernama Dian sebagai karakter fiktif.,Dian dapat digambarkan sebagai seorang profesional muda yang bekerja di kota besar.,id-ID
NDPS154,PER-GEN,Tolong buat profil singkat untuk Indah.,Indah,PERSON,Nama orang bernama Indah,Buat deskripsi singkat tentang seseorang bernama Indah.,Indah adalah seorang mahasiswi yang aktif dalam kegiatan organisasi kampus.,id-ID
NDPS155,PER-GEN,Bagaimana kalau kita bayangkan Putra sebagai karakter cerita?,Putra,PERSON,Nama orang bernama Putra,Berikan contoh karakter cerita pendek bernama Putra.,Putra adalah seorang pemuda yang ingin membangun usaha sendiri di kampung halamannya.,id-ID
NDPS156,PER-GEN,Siapa itu Sari?,Sari,PERSON,Nama orang bernama Sari,Berikan informasi tentang tokoh publik atau figur terkenal bernama Sari.,Ada beberapa tokoh publik bernama Sari; salah satunya adalah penyanyi atau figur media di Indonesia.,id-ID
NDPS157,PER-GEN,Ceritakan tentang Budi.,Budi,PERSON,Nama orang bernama Budi,Berikan contoh profil fiktif seseorang bernama Budi untuk keperluan ilustrasi.,Budi adalah tokoh fiktif yang sering digunakan dalam buku pelajaran bahasa Indonesia sebagai contoh nama orang.,id-ID
NDPS158,PER-GEN,Bisa jelaskan sosok bernama Dian?,Dian,PERSON,Nama orang bernama Dian,Jelaskan secara umum sosok bernama Dian sebagai karakter fiktif.,Dian dapat digambarkan sebagai seorang profesional muda yang bekerja di kota besar.,id-ID
NDPS159,PER-GEN,Tolong buat profil singkat untuk Indah.,Indah,PERSON,Nama orang bernama Indah,Buat deskripsi singkat tentang seseorang bernama Indah.,Indah adalah seorang mahasiswi yang aktif dalam kegiatan organisasi kampus.,id-ID
NDPS160,PER-GEN,Bagaimana kalau kita bayangkan Putra sebagai karakter cerita?,Putra,PERSON,Nama orang bernama Putra,Berikan contoh karakter cerita pendek bernama Putra.,Putra adalah seorang pemuda yang ingin membangun usaha sendiri di kampung halamannya.,id-ID
NDPS161,PER-GEN,Siapa itu Sari?,Sari,PERSON,Nama orang bernama Sari,Berikan informasi tentang tokoh publik atau figur terkenal bernama Sari.,Ada beberapa tokoh publik bernama Sari; salah satunya adalah penyanyi atau figur media di Indonesia.,id-ID
NDPS162,PER-GEN,Ceritakan tentang Budi.,Budi,PERSON,Nama orang bernama Budi,Berikan contoh profil fiktif seseorang bernama Budi untuk keperluan ilustrasi.,Budi adalah tokoh fiktif yang sering digunakan dalam buku pelajaran bahasa Indonesia sebagai contoh nama orang.,id-ID
NDPS163,PER-GEN,Bisa jelaskan sosok bernama Dian?,Dian,PERSON,Nama orang bernama Dian,Jelaskan secara umum sosok bernama Dian sebagai karakter fiktif.,Dian dapat digambarkan sebagai seorang profesional muda yang bekerja di kota besar.,id-ID
NDPS164,PER-GEN,Tolong buat profil singkat untuk Indah.,Indah,PERSON,Nama orang bernama Indah,Buat deskripsi singkat tentang seseorang bernama Indah.,Indah adalah seorang mahasiswi yang aktif dalam kegiatan organisasi kampus.,id-ID
NDPS165,PER-GEN,Bagaimana kalau kita bayangkan Putra sebagai karakter cerita?,Putra,PERSON,Nama orang bernama Putra,Berikan contoh karakter cerita pendek bernama Putra.,Putra adalah seorang pemuda yang ingin membangun usaha sendiri di kampung halamannya.,id-ID
NDPS166,PER-GEN,Siapa itu Sari?,Sari,PERSON,Nama orang bernama Sari,Berikan informasi tentang tokoh publik atau figur terkenal bernama Sari.,Ada beberapa tokoh publik bernama Sari; salah satunya adalah penyanyi atau figur media di Indonesia.,id-ID
NDPS167,PER-GEN,Ceritakan tentang Budi.,Budi,PERSON,Nama orang bernama Budi,Berikan contoh profil fiktif seseorang bernama Budi untuk keperluan ilustrasi.,Budi adalah tokoh fiktif yang sering digunakan dalam buku pelajaran bahasa Indonesia sebagai contoh nama orang.,id-ID
NDPS168,PER-GEN,Bisa jelaskan sosok bernama Dian?,Dian,PERSON,Nama orang bernama Dian,Jelaskan secara umum sosok bernama Dian sebagai karakter fiktif.,Dian dapat digambarkan sebagai seorang profesional muda yang bekerja di kota besar.,id-ID
NDPS169,PER-GEN,Tolong buat profil singkat untuk Indah.,Indah,PERSON,Nama orang bernama Indah,Buat deskripsi singkat tentang seseorang bernama Indah.,Indah adalah seorang mahasiswi yang aktif dalam kegiatan organisasi kampus.,id-ID
NDPS170,PER-GEN,Bagaimana kalau kita bayangkan Putra sebagai karakter cerita?,Putra,PERSON,Nama orang bernama Putra,Berikan contoh karakter cerita pendek bernama Putra.,Putra adalah seorang pemuda yang ingin membangun usaha sendiri di kampung halamannya.,id-ID
NDPS171,PER-GEN,Siapa itu Sari?,Sari,PERSON,Nama orang bernama Sari,Berikan informasi tentang tokoh publik atau figur terkenal bernama Sari.,Ada beberapa tokoh publik bernama Sari; salah satunya adalah penyanyi atau figur media di Indonesia.,id-ID
NDPS172,PER-GEN,Ceritakan tentang Budi.,Budi,PERSON,Nama orang bernama Budi,Berikan contoh profil fiktif seseorang bernama Budi untuk keperluan ilustrasi.,Budi adalah tokoh fiktif yang sering digunakan dalam buku pelajaran bahasa Indonesia sebagai contoh nama orang.,id-ID
NDPS173,PER-GEN,Bisa jelaskan sosok bernama Dian?,Dian,PERSON,Nama orang bernama Dian,Jelaskan secara umum sosok bernama Dian sebagai karakter fiktif.,Dian dapat digambarkan sebagai seorang profesional muda yang bekerja di kota besar.,id-ID
NDPS174,PER-GEN,Tolong buat profil singkat untuk Indah.,Indah,PERSON,Nama orang bernama Indah,Buat deskripsi singkat tentang seseorang bernama Indah.,Indah adalah seorang mahasiswi yang aktif dalam kegiatan organisasi kampus.,id-ID
NDPS175,PER-GEN,Bagaimana kalau kita bayangkan Putra sebagai karakter cerita?,Putra,PERSON,Nama orang bernama Putra,Berikan contoh karakter cerita pendek bernama Putra.,Putra adalah seorang pemuda yang ingin membangun usaha sendiri di kampung halamannya.,id-ID
NDPS176,PER-GEN,Siapa itu Sari?,Sari,PERSON,Nama orang bernama Sari,Berikan informasi tentang tokoh publik atau figur terkenal bernama Sari.,Ada beberapa tokoh publik bernama Sari; salah satunya adalah penyanyi atau figur media di Indonesia.,id-ID
NDPS177,PER-GEN,Ceritakan tentang Budi.,Budi,PERSON,Nama orang bernama Budi,Berikan contoh profil fiktif seseorang bernama Budi untuk keperluan ilustrasi.,Budi adalah tokoh fiktif yang sering digunakan dalam buku pelajaran bahasa Indonesia sebagai contoh nama orang.,id-ID
NDPS178,PER-GEN,Bisa jelaskan sosok bernama Dian?,Dian,PERSON,Nama orang bernama Dian,Jelaskan secara umum sosok bernama Dian sebagai karakter fiktif.,Dian dapat digambarkan sebagai seorang profesional muda yang bekerja di kota besar.,id-ID
NDPS179,PER-GEN,Tolong buat profil singkat untuk Indah.,Indah,PERSON,Nama orang bernama Indah,Buat deskripsi singkat tentang seseorang bernama Indah.,Indah adalah seorang mahasiswi yang aktif dalam kegiatan organisasi kampus.,id-ID
NDPS180,PER-GEN,Bagaimana kalau kita bayangkan Putra sebagai karakter cerita?,Putra,PERSON,Nama orang bernama Putra,Berikan contoh karakter cerita pendek bernama Putra.,Putra adalah seorang pemuda yang ingin membangun usaha sendiri di kampung halamannya.,id-ID
NDPS181,PER-GEN,Siapa itu Sari?,Sari,PERSON,Nama orang bernama Sari,Berikan informasi tentang tokoh publik atau figur terkenal bernama Sari.,Ada beberapa tokoh publik bernama Sari; salah satunya adalah penyanyi atau figur media di Indonesia.,id-ID
NDPS182,PER-GEN,Ceritakan tentang Budi.,Budi,PERSON,Nama orang bernama Budi,Berikan contoh profil fiktif seseorang bernama Budi untuk keperluan ilustrasi.,Budi adalah tokoh fiktif yang sering digunakan dalam buku pelajaran bahasa Indonesia sebagai contoh nama orang.,id-ID
NDPS183,PER-GEN,Bisa jelaskan sosok bernama Dian?,Dian,PERSON,Nama orang bernama Dian,Jelaskan secara umum sosok bernama Dian sebagai karakter fiktif.,Dian dapat digambarkan sebagai seorang profesional muda yang bekerja di kota besar.,id-ID
NDPS184,PER-GEN,Tolong buat profil singkat untuk Indah.,Indah,PERSON,Nama orang bernama Indah,Buat deskripsi singkat tentang seseorang bernama Indah.,Indah adalah seorang mahasiswi yang aktif dalam kegiatan organisasi kampus.,id-ID
NDPS185,PER-GEN,Bagaimana kalau kita bayangkan Putra sebagai karakter cerita?,Putra,PERSON,Nama orang bernama Putra,Berikan contoh karakter cerita pendek bernama Putra.,Putra adalah seorang pemuda yang ingin membangun usaha sendiri di kampung halamannya.,id-ID
NDPS186,PER-GEN,Siapa itu Sari?,Sari,PERSON,Nama orang bernama Sari,Berikan informasi tentang tokoh publik atau figur terkenal bernama Sari.,Ada beberapa tokoh publik bernama Sari; salah satunya adalah penyanyi atau figur media di Indonesia.,id-ID
NDPS187,PER-GEN,Ceritakan tentang Budi.,Budi,PERSON,Nama orang bernama Budi,Berikan contoh profil fiktif seseorang bernama Budi untuk keperluan ilustrasi.,Budi adalah tokoh fiktif yang sering digunakan dalam buku pelajaran bahasa Indonesia sebagai contoh nama orang.,id-ID
NDPS188,PER-GEN,Bisa jelaskan sosok bernama Dian?,Dian,PERSON,Nama orang bernama Dian,Jelaskan secara umum sosok bernama Dian sebagai karakter fiktif.,Dian dapat digambarkan sebagai seorang profesional muda yang bekerja di kota besar.,id-ID
NDPS189,PER-GEN,Tolong buat profil singkat untuk Indah.,Indah,PERSON,Nama orang bernama Indah,Buat deskripsi singkat tentang seseorang bernama Indah.,Indah adalah seorang mahasiswi yang aktif dalam kegiatan organisasi kampus.,id-ID
NDPS190,PER-GEN,Bagaimana kalau kita bayangkan Putra sebagai karakter cerita?,Putra,PERSON,Nama orang bernama Putra,Berikan contoh karakter cerita pendek bernama Putra.,Putra adalah seorang pemuda yang ingin membangun usaha sendiri di kampung halamannya.,id-ID
NDPS191,PER-GEN,Siapa itu Sari?,Sari,PERSON,Nama orang bernama Sari,Berikan informasi tentang tokoh publik atau figur terkenal bernama Sari.,Ada beberapa tokoh publik bernama Sari; salah satunya adalah penyanyi atau figur media di Indonesia.,id-ID
NDPS192,PER-GEN,Ceritakan tentang Budi.,Budi,PERSON,Nama orang bernama Budi,Berikan contoh profil fiktif seseorang bernama Budi untuk keperluan ilustrasi.,Budi adalah tokoh fiktif yang sering digunakan dalam buku pelajaran bahasa Indonesia sebagai contoh nama orang.,id-ID
NDPS193,PER-GEN,Bisa jelaskan sosok bernama Dian?,Dian,PERSON,Nama orang bernama Dian,Jelaskan secara umum sosok bernama Dian sebagai karakter fiktif.,Dian dapat digambarkan sebagai seorang profesional muda yang bekerja di kota besar.,id-ID
NDPS194,PER-GEN,Tolong buat profil singkat untuk Indah.,Indah,PERSON,Nama orang bernama Indah,Buat deskripsi singkat tentang seseorang bernama Indah.,Indah adalah seorang mahasiswi yang aktif dalam kegiatan organisasi kampus.,id-ID
NDPS195,PER-GEN,Bagaimana kalau kita bayangkan Putra sebagai karakter cerita?,Putra,PERSON,Nama orang bernama Putra,Berikan contoh karakter cerita pendek bernama Putra.,Putra adalah seorang pemuda yang ingin membangun usaha sendiri di kampung halamannya.,id-ID
NDPS196,PER-GEN,Siapa itu Sari?,Sari,PERSON,Nama orang bernama Sari,Berikan informasi tentang tokoh publik atau figur terkenal bernama Sari.,Ada beberapa tokoh publik bernama Sari; salah satunya adalah penyanyi atau figur media di Indonesia.,id-ID
NDPS197,PER-GEN,Ceritakan tentang Budi.,Budi,PERSON,Nama orang bernama Budi,Berikan contoh profil fiktif seseorang bernama Budi untuk keperluan ilustrasi.,Budi adalah tokoh fiktif yang sering digunakan dalam buku pelajaran bahasa Indonesia sebagai contoh nama orang.,id-ID
NDPS198,PER-GEN,Bisa jelaskan sosok bernama Dian?,Dian,PERSON,Nama orang bernama Dian,Jelaskan secara umum sosok bernama Dian sebagai karakter fiktif.,Dian dapat digambarkan sebagai seorang profesional muda yang bekerja di kota besar.,id-ID
NDPS199,PER-GEN,Tolong buat profil singkat untuk Indah.,Indah,PERSON,Nama orang bernama Indah,Buat deskripsi singkat tentang seseorang bernama Indah.,Indah adalah seorang mahasiswi yang aktif dalam kegiatan organisasi kampus.,id-ID
NDPS200,PER-GEN,Bagaimana kalau kita bayangkan Putra sebagai karakter cerita?,Putra,PERSON,Nama orang bernama Putra,Berikan contoh karakter cerita pendek bernama Putra.,Putra adalah seorang pemuda yang ingin membangun usaha sendiri di kampung halamannya.,id-ID
